id,source_name,display_name,aliases,primary_action,secondary_actions,primary_muscle,load_type,hidden,duplicate_of
2330,cable lat pulldown full range of motion,Standing Cable Pulldown (Cable),standing cable pulldown,,,,,,
150,cable bar lateral pulldown,Lat Pulldown,frontal lat pulldown|lat pull-down|lat pulldown|wide grip pulldown,,,,,,
596,machine seated fly,Pec Deck,pec deck|pec deck machine|machine chest fly,,,,,,
602,machine seated reverse fly,Reverse Pec Deck,reverse pec deck|reverse fly machine|rear delt machine fly,,,,,,
3562,barbell glute bridge two legs on bench (male),Barbell Hip Thrust,barbell hip thrust|hip thrust barbell|hip thrust,,,,,,
757,smith incline bench press,Smith Incline Press,smith incline press|smith machine incline press,,,,,,
175,cable kneeling crunch,Cable Crunch,cable crunch|kneeling cable crunch,,,,,,
3541,dumbbell incline y-raise,Incline DB Y-Raise,incline db y raise|incline dumbbell y raise,,,,,,
318,dumbbell incline curl,Incline DB Curl,incline db curl|incline dumbbell curl,,,,,,
598,machine seated hip adduction,Hip Adduction,hip adduction|seated hip adduction|adductor machine,,,,,,
mayos:1,Kelso shrug,Kelso Shrug,kelso shrug|chest-supported shrug,,,,,,
mayos:2,Bayesian curl,Bayesian Curl,bayesian curl|behind-the-body cable curl,,,,,,
mayos:3,Cable Y-raise,Cable Y-Raise,cable y raise|standing cable y raise,,,,,,
mayos:4,machine hip thrust,Machine Hip Thrust,machine hip thrust|hip thrust machine,,,,,,
