name	bytes	pixel_width	pixel_height
C-chat-dark-360x640.png	117043	720	1280
C-chat-dark-412x915.png	121801	824	1830
C-chat-detail-dark-360x640.png	117043	720	1280
C-chat-detail-dark-412x915.png	121801	824	1830
C-chat-detail-light-360x640.png	121372	720	1280
C-chat-detail-light-412x915.png	126653	824	1830
C-chat-light-360x640.png	121372	720	1280
C-chat-light-412x915.png	126653	824	1830
C-home-dark-360x640.png	95687	720	1280
C-home-dark-412x915.png	129153	824	1830
C-home-detail-dark-360x640.png	76068	720	1280
C-home-detail-dark-412x915.png	131063	824	1830
C-home-detail-light-360x640.png	76073	720	1280
C-home-detail-light-412x915.png	131257	824	1830
C-home-light-360x640.png	95817	720	1280
C-home-light-412x915.png	129375	824	1830
C-logger-dark-360x640.png	91622	720	1280
C-logger-dark-412x915.png	137046	824	1830
C-logger-keypad-dark-360x640.png	76245	720	1280
C-logger-keypad-dark-412x915.png	123446	824	1830
C-logger-keypad-initial-dark-360x640.png	92482	720	1280
C-logger-keypad-initial-light-360x640.png	87269	720	1280
C-logger-keypad-light-360x640.png	71641	720	1280
C-logger-keypad-light-412x915.png	118642	824	1830
C-logger-light-360x640.png	92262	720	1280
C-logger-light-412x915.png	137659	824	1830
C-logger-rir-dark-412x915.png	135085	824	1830
C-logger-swipe-dark-412x915.png	116557	824	1830
